USE [PetCenterDb]
GO
/****** Object:  Table [dbo].[OrdenPago]    Script Date: 12/05/2016 17:05:43 ******/
SET IDENTITY_INSERT [dbo].[OrdenPago] ON
INSERT [dbo].[OrdenPago] ([OrdenPago_ID], [fecha], [hora], [estado], [nombreCliente], [nombreMascota], [direccionCliente], [tipoMascota], [importeTotal], [ComprobantePago_ID]) VALUES (1, CAST(0x0000A58B00F6FF23 AS DateTime), CAST(0x0000A58B00F6FF23 AS DateTime), N'Registrado', N'Jose Luis Dávila', N'Lulu', N'Jr. Ayacucho 3976', N'Perro', 120, 1)
INSERT [dbo].[OrdenPago] ([OrdenPago_ID], [fecha], [hora], [estado], [nombreCliente], [nombreMascota], [direccionCliente], [tipoMascota], [importeTotal], [ComprobantePago_ID]) VALUES (2, CAST(0x0000A58B013394B1 AS DateTime), CAST(0x0000A58B013394B1 AS DateTime), N'Registrado', N'Emma Velarde', N'Sachi', N'Jr. Moqugua 3845', N'Perro', 84, 2)
INSERT [dbo].[OrdenPago] ([OrdenPago_ID], [fecha], [hora], [estado], [nombreCliente], [nombreMascota], [direccionCliente], [tipoMascota], [importeTotal], [ComprobantePago_ID]) VALUES (3, CAST(0x0000A6D30006DB0E AS DateTime), CAST(0x0000A6D30006DB0E AS DateTime), N'Registrado', N'Jose Luis Dávila1', N'Jose', N'Jr. Ayacucho 3976', N'Perro', 240, 1)
INSERT [dbo].[OrdenPago] ([OrdenPago_ID], [fecha], [hora], [estado], [nombreCliente], [nombreMascota], [direccionCliente], [tipoMascota], [importeTotal], [ComprobantePago_ID]) VALUES (4, CAST(0x0000A6D30006DB0E AS DateTime), CAST(0x0000A6D30006DB0E AS DateTime), N'Registrado', N'Emma Velarde1', N'Emma', N'Jr. Moqugua 3845', N'Perro', 168, 2)
INSERT [dbo].[OrdenPago] ([OrdenPago_ID], [fecha], [hora], [estado], [nombreCliente], [nombreMascota], [direccionCliente], [tipoMascota], [importeTotal], [ComprobantePago_ID]) VALUES (5, CAST(0x0000A6D30006DCBE AS DateTime), CAST(0x0000A6D30006DCBE AS DateTime), N'Registrado', N'Jose Luis Dávila1', N'Jose', N'Jr. Ayacucho 3976', N'Perro', 240, 1)
INSERT [dbo].[OrdenPago] ([OrdenPago_ID], [fecha], [hora], [estado], [nombreCliente], [nombreMascota], [direccionCliente], [tipoMascota], [importeTotal], [ComprobantePago_ID]) VALUES (6, CAST(0x0000A6D30006DCBE AS DateTime), CAST(0x0000A6D30006DCBE AS DateTime), N'Registrado', N'Emma Velarde1', N'Emma', N'Jr. Moqugua 3845', N'Perro', 168, 2)
INSERT [dbo].[OrdenPago] ([OrdenPago_ID], [fecha], [hora], [estado], [nombreCliente], [nombreMascota], [direccionCliente], [tipoMascota], [importeTotal], [ComprobantePago_ID]) VALUES (7, CAST(0x0000A6D30006DCBE AS DateTime), CAST(0x0000A6D30006DCBE AS DateTime), N'Registrado', N'Jose Luis Dávila11', N'Jose', N'Jr. Ayacucho 3976', N'Perro', 480, 1)
INSERT [dbo].[OrdenPago] ([OrdenPago_ID], [fecha], [hora], [estado], [nombreCliente], [nombreMascota], [direccionCliente], [tipoMascota], [importeTotal], [ComprobantePago_ID]) VALUES (8, CAST(0x0000A6D30006DCBE AS DateTime), CAST(0x0000A6D30006DCBE AS DateTime), N'Registrado', N'Emma Velarde11', N'Emma', N'Jr. Moqugua 3845', N'Perro', 336, 2)
INSERT [dbo].[OrdenPago] ([OrdenPago_ID], [fecha], [hora], [estado], [nombreCliente], [nombreMascota], [direccionCliente], [tipoMascota], [importeTotal], [ComprobantePago_ID]) VALUES (9, CAST(0x0000A6D30006DDC3 AS DateTime), CAST(0x0000A6D30006DDC3 AS DateTime), N'Registrado', N'Jose Luis Dávila1', N'Jose', N'Jr. Ayacucho 3976', N'Perro', 240, 1)
INSERT [dbo].[OrdenPago] ([OrdenPago_ID], [fecha], [hora], [estado], [nombreCliente], [nombreMascota], [direccionCliente], [tipoMascota], [importeTotal], [ComprobantePago_ID]) VALUES (10, CAST(0x0000A6D30006DDC3 AS DateTime), CAST(0x0000A6D30006DDC3 AS DateTime), N'Registrado', N'Emma Velarde1', N'Emma', N'Jr. Moqugua 3845', N'Perro', 168, 2)
INSERT [dbo].[OrdenPago] ([OrdenPago_ID], [fecha], [hora], [estado], [nombreCliente], [nombreMascota], [direccionCliente], [tipoMascota], [importeTotal], [ComprobantePago_ID]) VALUES (11, CAST(0x0000A6D30006DDC3 AS DateTime), CAST(0x0000A6D30006DDC3 AS DateTime), N'Registrado', N'Jose Luis Dávila11', N'Jose', N'Jr. Ayacucho 3976', N'Perro', 480, 1)
INSERT [dbo].[OrdenPago] ([OrdenPago_ID], [fecha], [hora], [estado], [nombreCliente], [nombreMascota], [direccionCliente], [tipoMascota], [importeTotal], [ComprobantePago_ID]) VALUES (12, CAST(0x0000A6D30006DDC3 AS DateTime), CAST(0x0000A6D30006DDC3 AS DateTime), N'Registrado', N'Emma Velarde11', N'Emma', N'Jr. Moqugua 3845', N'Perro', 336, 2)
INSERT [dbo].[OrdenPago] ([OrdenPago_ID], [fecha], [hora], [estado], [nombreCliente], [nombreMascota], [direccionCliente], [tipoMascota], [importeTotal], [ComprobantePago_ID]) VALUES (13, CAST(0x0000A6D30006DDC3 AS DateTime), CAST(0x0000A6D30006DDC3 AS DateTime), N'Registrado', N'Jose Luis Dávila11', N'Jose', N'Jr. Ayacucho 3976', N'Perro', 480, 1)
INSERT [dbo].[OrdenPago] ([OrdenPago_ID], [fecha], [hora], [estado], [nombreCliente], [nombreMascota], [direccionCliente], [tipoMascota], [importeTotal], [ComprobantePago_ID]) VALUES (14, CAST(0x0000A6D30006DDC3 AS DateTime), CAST(0x0000A6D30006DDC3 AS DateTime), N'Registrado', N'Emma Velarde11', N'Emma', N'Jr. Moqugua 3845', N'Perro', 336, 2)
INSERT [dbo].[OrdenPago] ([OrdenPago_ID], [fecha], [hora], [estado], [nombreCliente], [nombreMascota], [direccionCliente], [tipoMascota], [importeTotal], [ComprobantePago_ID]) VALUES (15, CAST(0x0000A6D30006DDC3 AS DateTime), CAST(0x0000A6D30006DDC3 AS DateTime), N'Registrado', N'Jose Luis Dávila111', N'Jose', N'Jr. Ayacucho 3976', N'Perro', 960, 1)
INSERT [dbo].[OrdenPago] ([OrdenPago_ID], [fecha], [hora], [estado], [nombreCliente], [nombreMascota], [direccionCliente], [tipoMascota], [importeTotal], [ComprobantePago_ID]) VALUES (16, CAST(0x0000A6D30006DDC3 AS DateTime), CAST(0x0000A6D30006DDC3 AS DateTime), N'Registrado', N'Emma Velarde111', N'Emma', N'Jr. Moqugua 3845', N'Perro', 672, 2)
INSERT [dbo].[OrdenPago] ([OrdenPago_ID], [fecha], [hora], [estado], [nombreCliente], [nombreMascota], [direccionCliente], [tipoMascota], [importeTotal], [ComprobantePago_ID]) VALUES (17, CAST(0x0000A6D30006DEC9 AS DateTime), CAST(0x0000A6D30006DEC9 AS DateTime), N'Registrado', N'Jose Luis Dávila1', N'Jose', N'Jr. Ayacucho 3976', N'Perro', 240, 1)
INSERT [dbo].[OrdenPago] ([OrdenPago_ID], [fecha], [hora], [estado], [nombreCliente], [nombreMascota], [direccionCliente], [tipoMascota], [importeTotal], [ComprobantePago_ID]) VALUES (18, CAST(0x0000A6D30006DEC9 AS DateTime), CAST(0x0000A6D30006DEC9 AS DateTime), N'Registrado', N'Emma Velarde1', N'Emma', N'Jr. Moqugua 3845', N'Perro', 168, 2)
INSERT [dbo].[OrdenPago] ([OrdenPago_ID], [fecha], [hora], [estado], [nombreCliente], [nombreMascota], [direccionCliente], [tipoMascota], [importeTotal], [ComprobantePago_ID]) VALUES (19, CAST(0x0000A6D30006DEC9 AS DateTime), CAST(0x0000A6D30006DEC9 AS DateTime), N'Registrado', N'Jose Luis Dávila11', N'Jose', N'Jr. Ayacucho 3976', N'Perro', 480, 1)
INSERT [dbo].[OrdenPago] ([OrdenPago_ID], [fecha], [hora], [estado], [nombreCliente], [nombreMascota], [direccionCliente], [tipoMascota], [importeTotal], [ComprobantePago_ID]) VALUES (20, CAST(0x0000A6D30006DEC9 AS DateTime), CAST(0x0000A6D30006DEC9 AS DateTime), N'Registrado', N'Emma Velarde11', N'Emma', N'Jr. Moqugua 3845', N'Perro', 336, 2)
SET IDENTITY_INSERT [dbo].[OrdenPago] OFF
/****** Object:  Table [dbo].[DetalleOrdenPagoServicios]    Script Date: 12/05/2016 17:05:43 ******/
INSERT [dbo].[DetalleOrdenPagoServicios] ([Servicios_ID], [OrdenPago_ID], [cantidad], [subTotal]) VALUES (4, 1, 1, 80)
INSERT [dbo].[DetalleOrdenPagoServicios] ([Servicios_ID], [OrdenPago_ID], [cantidad], [subTotal]) VALUES (4, 3, 2, 84)
INSERT [dbo].[DetalleOrdenPagoServicios] ([Servicios_ID], [OrdenPago_ID], [cantidad], [subTotal]) VALUES (3, 5, 1, 240)
INSERT [dbo].[DetalleOrdenPagoServicios] ([Servicios_ID], [OrdenPago_ID], [cantidad], [subTotal]) VALUES (2, 7, 1, 480)
INSERT [dbo].[DetalleOrdenPagoServicios] ([Servicios_ID], [OrdenPago_ID], [cantidad], [subTotal]) VALUES (2, 9, 1, 240)
INSERT [dbo].[DetalleOrdenPagoServicios] ([Servicios_ID], [OrdenPago_ID], [cantidad], [subTotal]) VALUES (2, 11, 1, 480)
INSERT [dbo].[DetalleOrdenPagoServicios] ([Servicios_ID], [OrdenPago_ID], [cantidad], [subTotal]) VALUES (2, 13, 1, 480)
INSERT [dbo].[DetalleOrdenPagoServicios] ([Servicios_ID], [OrdenPago_ID], [cantidad], [subTotal]) VALUES (2, 15, 1, 960)
INSERT [dbo].[DetalleOrdenPagoServicios] ([Servicios_ID], [OrdenPago_ID], [cantidad], [subTotal]) VALUES (2, 17, 1, 240)
INSERT [dbo].[DetalleOrdenPagoServicios] ([Servicios_ID], [OrdenPago_ID], [cantidad], [subTotal]) VALUES (2, 19, 1, 480)
/****** Object:  Table [dbo].[DetalleOrdenPagoProductos]    Script Date: 12/05/2016 17:05:43 ******/
INSERT [dbo].[DetalleOrdenPagoProductos] ([OrdenPago_ID], [Productos_ID], [cantidad], [subTotal]) VALUES (2, 1, 1, 17)
INSERT [dbo].[DetalleOrdenPagoProductos] ([OrdenPago_ID], [Productos_ID], [cantidad], [subTotal]) VALUES (2, 3, 1, 50)
INSERT [dbo].[DetalleOrdenPagoProductos] ([OrdenPago_ID], [Productos_ID], [cantidad], [subTotal]) VALUES (2, 5, 1, 17)
INSERT [dbo].[DetalleOrdenPagoProductos] ([OrdenPago_ID], [Productos_ID], [cantidad], [subTotal]) VALUES (4, 3, 1, 168)
INSERT [dbo].[DetalleOrdenPagoProductos] ([OrdenPago_ID], [Productos_ID], [cantidad], [subTotal]) VALUES (6, 4, 1, 168)
INSERT [dbo].[DetalleOrdenPagoProductos] ([OrdenPago_ID], [Productos_ID], [cantidad], [subTotal]) VALUES (8, 4, 1, 336)
INSERT [dbo].[DetalleOrdenPagoProductos] ([OrdenPago_ID], [Productos_ID], [cantidad], [subTotal]) VALUES (10, 3, 1, 168)
INSERT [dbo].[DetalleOrdenPagoProductos] ([OrdenPago_ID], [Productos_ID], [cantidad], [subTotal]) VALUES (12, 2, 1, 336)
INSERT [dbo].[DetalleOrdenPagoProductos] ([OrdenPago_ID], [Productos_ID], [cantidad], [subTotal]) VALUES (14, 1, 1, 336)
INSERT [dbo].[DetalleOrdenPagoProductos] ([OrdenPago_ID], [Productos_ID], [cantidad], [subTotal]) VALUES (16, 2, 1, 672)
INSERT [dbo].[DetalleOrdenPagoProductos] ([OrdenPago_ID], [Productos_ID], [cantidad], [subTotal]) VALUES (18, 3, 1, 168)
INSERT [dbo].[DetalleOrdenPagoProductos] ([OrdenPago_ID], [Productos_ID], [cantidad], [subTotal]) VALUES (20, 2, 1, 336)
